{
  "epochs": [
    1,
    2,
    3,
    4,
    5,
    6,
    7,
    8,
    9,
    10,
    11,
    12,
    13,
    14,
    15,
    16,
    17,
    18,
    19
  ],
  "loss": [
    0.8628539443016052,
    0.25905168056488037,
    0.18863697350025177,
    0.15966947376728058,
    0.13895925879478455,
    0.1254994422197342,
    0.11884624511003494,
    0.11556512117385864,
    0.10953278839588165,
    0.10487446188926697,
    0.1000548005104065,
    0.09731362015008926,
    0.09565912187099457,
    0.09136760979890823,
    0.09138308465480804,
    0.08691239356994629,
    0.08479204028844833,
    0.08333752304315567,
    0.08126544207334518
  ],
  "val_loss": [
    0.012931686826050282,
    0.009959204122424126,
    0.011229612864553928,
    0.009184867143630981,
    0.008897497318685055,
    0.00676259770989418,
    0.004535905551165342,
    0.007662597578018904,
    0.004453520756214857,
    0.005145697854459286,
    0.004552853759378195,
    0.004776171408593655,
    0.003922323230654001,
    0.0031195329502224922,
    0.0028974285814911127,
    0.003170754062011838,
    0.0030618959572166204,
    0.0023716939613223076,
    0.0032892869785428047
  ],
  "category_acc": [
    0.8957786560058594,
    0.9895106554031372,
    0.991809070110321,
    0.9933981895446777,
    0.9942247271537781,
    0.9948433041572571,
    0.9950619339942932,
    0.9952272772789001,
    0.9954565763473511,
    0.9958512187004089,
    0.9960218667984009,
    0.9960165023803711,
    0.996304452419281,
    0.9964804649353027,
    0.9962564706802368,
    0.996475100517273,
    0.9966084361076355,
    0.9966564178466797,
    0.9969017505645752
  ],
  "val_category_acc": [
    0.9944640890383166,
    0.9969856819894499,
    0.997101617297548,
    0.9971306011245725,
    0.9975073908758912,
    0.9981160512434062,
    0.9985218248217494,
    0.997942148281259,
    0.9987247116109211,
    0.998550808648774,
    0.9989565822271173,
    0.9982030027244797,
    0.998666743956872,
    0.9989855660541418,
    0.9991594690162889,
    0.9991884528433135,
    0.9989275984000927,
    0.9990725175352153,
    0.9988116630919947
  ],
  "subcategory_acc": [
    0.7971832752227783,
    0.9650177955627441,
    0.9798638820648193,
    0.9836927652359009,
    0.9870949983596802,
    0.9887800812721252,
    0.989409327507019,
    0.9893347024917603,
    0.9900705814361572,
    0.9908331632614136,
    0.9909504652023315,
    0.9910838007926941,
    0.9911904335021973,
    0.9919050335884094,
    0.9916757345199585,
    0.9923849701881409,
    0.9923529624938965,
    0.9926996231079102,
    0.992774248123169
  ],
  "val_subcategory_acc": [
    0.955104051939018,
    0.9884064691901919,
    0.9898846443684424,
    0.9941742507680714,
    0.9962031186597878,
    0.9969277143354008,
    0.9970146658164744,
    0.9973334879137441,
    0.9975943423569648,
    0.9966088922381311,
    0.997826212973161,
    0.9980290997623327,
    0.9973334879137441,
    0.9980290997623327,
    0.9977392614920875,
    0.9979711321082836,
    0.9978841806272101,
    0.9973624717407686,
    0.9974784070488667
  ]
}