{
  "epochs": [
    1,
    2,
    3,
    4,
    5,
    6,
    7,
    8,
    9,
    10,
    11,
    12,
    13,
    14,
    15,
    16,
    17,
    18,
    19
  ],
  "loss": [
    0.8435661792755127,
    0.30971378087997437,
    0.22224996984004974,
    0.19353711605072021,
    0.17877042293548584,
    0.1632656753063202,
    0.15611903369426727,
    0.14966434240341187,
    0.14411360025405884,
    0.1371777057647705,
    0.13266521692276,
    0.12982037663459778,
    0.12553496658802032,
    0.12056349962949753,
    0.11953829228878021,
    0.1155305877327919,
    0.11213219165802002,
    0.10854007303714752,
    0.11074549704790115
  ],
  "val_loss": [
    0.03441879153251648,
    0.01950196921825409,
    0.015682745724916458,
    0.013135191053152084,
    0.014138392172753811,
    0.012189001776278019,
    0.01432112418115139,
    0.012422151863574982,
    0.009549258276820183,
    0.009610156528651714,
    0.010887847281992435,
    0.010553286410868168,
    0.009306450374424458,
    0.011472223326563835,
    0.008406243287026882,
    0.010418805293738842,
    0.012186308391392231,
    0.00883533339947462,
    0.0113786980509758
  ],
  "category_acc": [
    0.9511744379997253,
    0.9888744950294495,
    0.9905030131340027,
    0.9914321303367615,
    0.9918093085289001,
    0.992447018623352,
    0.9922995567321777,
    0.9927693009376526,
    0.9931086897850037,
    0.993252694606781,
    0.993468701839447,
    0.9935749769210815,
    0.9938218593597412,
    0.9940823912620544,
    0.9941132664680481,
    0.9941543936729431,
    0.9942641258239746,
    0.9944286942481995,
    0.9943772554397583
  ],
  "val_category_acc": [
    0.987601325719762,
    0.9929321566904924,
    0.9931717445992893,
    0.9949886195743322,
    0.994589306393004,
    0.995228207483129,
    0.9949486882561993,
    0.9954677953919259,
    0.9962863874136485,
    0.9964061813680469,
    0.9957473146188556,
    0.9962264904364493,
    0.9963263187317813,
    0.9960268338457853,
    0.9968054945493751,
    0.9961066964820509,
    0.9960268338457853,
    0.9967256319131095,
    0.9961066964820509
  ],
  "subcategory_acc": [
    0.7587693333625793,
    0.9470294117927551,
    0.9728495478630066,
    0.9762746691703796,
    0.9784483313560486,
    0.9806597232818604,
    0.981797993183136,
    0.983080267906189,
    0.9836151003837585,
    0.9842219948768616,
    0.9847122430801392,
    0.9853465557098389,
    0.9857305288314819,
    0.986375093460083,
    0.9865979552268982,
    0.9867590665817261,
    0.9871876239776611,
    0.9873693585395813,
    0.9869716763496399
  ],
  "val_subcategory_acc": [
    0.8938026594257876,
    0.9755819989617858,
    0.9801541348879926,
    0.9838278161562113,
    0.9846663738370004,
    0.9865431457892425,
    0.9874815317653636,
    0.9878808449466917,
    0.9895978916264025,
    0.9895579603082698,
    0.9895579603082698,
    0.9905562432615901,
    0.9900970331030627,
    0.990256758375594,
    0.990456414966258,
    0.9912550413289143,
    0.9901968613983948,
    0.990156930080262,
    0.9896977199217346
  ]
}